{
  "Search/search.html-404" : {
    "transaction" : "Search/search.html-404",
    "sampleCount" : 35,
    "errorCount" : 0,
    "errorPct" : 0.0,
    "meanResTime" : 961.9142857142857,
    "medianResTime" : 959.0,
    "minResTime" : 920.0,
    "maxResTime" : 1036.0,
    "pct1ResTime" : 1006.6,
    "pct2ResTime" : 1032.0,
    "pct3ResTime" : 1036.0,
    "throughput" : 0.7145044401347351,
    "receivedKBytesPerSec" : 122.42726568082067,
    "sentKBytesPerSec" : 0.5456469454935184
  },
  "AddtoWishList/mywishlist.html-541" : {
    "transaction" : "AddtoWishList/mywishlist.html-541",
    "sampleCount" : 30,
    "errorCount" : 0,
    "errorPct" : 0.0,
    "meanResTime" : 571.5666666666668,
    "medianResTime" : 563.0,
    "minResTime" : 538.0,
    "maxResTime" : 667.0,
    "pct1ResTime" : 614.0,
    "pct2ResTime" : 652.15,
    "pct3ResTime" : 667.0,
    "throughput" : 0.6165228113440198,
    "receivedKBytesPerSec" : 62.43618025585697,
    "sentKBytesPerSec" : 0.4930978344636252
  },
  "Total" : {
    "transaction" : "Total",
    "sampleCount" : 160,
    "errorCount" : 0,
    "errorPct" : 0.0,
    "meanResTime" : 726.2749999999999,
    "medianResTime" : 670.0,
    "minResTime" : 533.0,
    "maxResTime" : 1052.0,
    "pct1ResTime" : 967.8,
    "pct2ResTime" : 1001.8499999999999,
    "pct3ResTime" : 1042.2399999999998,
    "throughput" : 3.0842778934381987,
    "receivedKBytesPerSec" : 460.27911660739073,
    "sentKBytesPerSec" : 2.328268370730203
  },
  "Home/-376" : {
    "transaction" : "Home/-376",
    "sampleCount" : 35,
    "errorCount" : 0,
    "errorPct" : 0.0,
    "meanResTime" : 815.8571428571429,
    "medianResTime" : 786.0,
    "minResTime" : 751.0,
    "maxResTime" : 1052.0,
    "pct1ResTime" : 915.1999999999999,
    "pct2ResTime" : 1039.1999999999998,
    "pct3ResTime" : 1052.0,
    "throughput" : 0.7135721421435707,
    "receivedKBytesPerSec" : 136.85857748756345,
    "sentKBytesPerSec" : 0.4613132403310975
  },
  "Select/details-Dell+KB216+Wired+USB+Keyboard_C3P27181.html-425" : {
    "transaction" : "Select/details-Dell+KB216+Wired+USB+Keyboard_C3P27181.html-425",
    "sampleCount" : 30,
    "errorCount" : 0,
    "errorPct" : 0.0,
    "meanResTime" : 655.1,
    "medianResTime" : 647.0,
    "minResTime" : 589.0,
    "maxResTime" : 781.0,
    "pct1ResTime" : 704.6,
    "pct2ResTime" : 750.75,
    "pct3ResTime" : 781.0,
    "throughput" : 0.6160164271047228,
    "receivedKBytesPerSec" : 103.05170768095482,
    "sentKBytesPerSec" : 0.5011149255646817
  },
  "AddtoCart/shopping-cart.html-566" : {
    "transaction" : "AddtoCart/shopping-cart.html-566",
    "sampleCount" : 30,
    "errorCount" : 0,
    "errorPct" : 0.0,
    "meanResTime" : 572.7333333333332,
    "medianResTime" : 570.0,
    "minResTime" : 533.0,
    "maxResTime" : 676.0,
    "pct1ResTime" : 606.0,
    "pct2ResTime" : 643.0,
    "pct3ResTime" : 676.0,
    "throughput" : 0.6164721354594772,
    "receivedKBytesPerSec" : 63.92406668687325,
    "sentKBytesPerSec" : 0.4731905258507315
  }
}